pred,gt,dice,iou,precision,recall,specificity,assd_mm,hd_mm,hd95_mm,rel_vol_diff,pred_vol_ml,gt_vol_ml,tp,fp,fn
ct_liver,liver,0.9745872140408207,0.9504340372830286,0.9638364759805429,0.9855804871936767,0.9995906720202388,1.5463387859153517,375.02253668139923,2.5,0.022559855073976936,1324.2991354846954,1295.082267227173,755136,28333,11048
ct_spleen,spleen,0.9702610528926645,0.9422398323558103,0.9637472283813747,0.9768635285304033,0.9999578996614606,0.35165798822237254,4.811758405345806,1.1628591987481895,0.013609689099762809,137.21870784759523,135.37627878189087,78237,2943,1853
ct_right_kidney,kidney_right,0.9578271625777388,0.9190674791974571,0.9906598142874289,0.9271009905034208,0.9999877515836874,0.7023704606763229,16.933437521806717,2.9647208729889445,-0.06415807209231084,154.91109778404237,165.53126459121705,90791,856,7139
ct_left_kidney,kidney_left,0.953760495611308,0.9116081849428745,0.9897348260268081,0.9203095948458512,0.9999873662236174,0.7029075714319415,15.878512857404,3.4885775962445686,-0.07014528473213115,145.39807871818545,156.36644771575928,85136,883,7372
