{
  "total_files": 10779,
  "total_size_bytes": 4587025651,
  "total_size_gb": 4.272000539116561,
  "file_size_stats": {
    "min_bytes": 11840,
    "max_bytes": 1096234,
    "mean_bytes": 425552.059653029,
    "median_bytes": 414180.0
  },
  "common_keys": {
    "sensor_pc": 10,
    "voxel_labels": 10,
    "grid_world_min": 10,
    "grid_world_max": 10,
    "grid_voxel_size": 10,
    "grid_occ_size": 10
  },
  "num_classes": 57,
  "class_labels": {
    "0": 3739151,
    "1": 179319,
    "2": 25104,
    "3": 18732,
    "4": 19672,
    "5": 32702,
    "6": 7188,
    "7": 1672,
    "10": 28462,
    "13": 5873,
    "14": 126340,
    "15": 1044,
    "17": 89407,
    "18": 4958,
    "19": 89292,
    "20": 433,
    "21": 351,
    "22": 58419,
    "28": 381,
    "29": 819,
    "30": 1006,
    "31": 1446,
    "32": 1418,
    "33": 990,
    "34": 338,
    "40": 514,
    "41": 1035,
    "42": 1185,
    "43": 1470,
    "44": 1315,
    "45": 901,
    "46": 403,
    "49": 8319,
    "66": 40016,
    "67": 38360,
    "68": 17158,
    "69": 16810,
    "8": 9070,
    "27": 156,
    "39": 212,
    "47": 2,
    "48": 574,
    "56": 21611,
    "57": 21294,
    "58": 8551,
    "59": 8407,
    "60": 28109,
    "61": 28332,
    "62": 14880,
    "63": 13853,
    "64": 3115,
    "65": 3195,
    "38": 54,
    "26": 32,
    "50": 42,
    "51": 46,
    "9": 488
  },
  "array_shapes": {
    "sensor_pc": {
      "(104522, 3)": 1,
      "(24798, 3)": 1,
      "(55356, 3)": 1,
      "(58618, 3)": 1,
      "(61014, 3)": 1,
      "(99287, 3)": 1,
      "(24378, 3)": 1,
      "(52214, 3)": 1,
      "(58332, 3)": 1,
      "(99135, 3)": 1
    },
    "voxel_labels": {
      "(109, 87, 216)": 1,
      "(94, 75, 54)": 1,
      "(117, 84, 85)": 1,
      "(94, 69, 118)": 1,
      "(104, 81, 106)": 1,
      "(104, 91, 241)": 1,
      "(78, 56, 67)": 1,
      "(98, 77, 103)": 1,
      "(95, 57, 144)": 1,
      "(116, 92, 237)": 1
    },
    "grid_world_min": {
      "(3,)": 10
    },
    "grid_world_max": {
      "(3,)": 10
    },
    "grid_voxel_size": {
      "(3,)": 10
    },
    "grid_occ_size": {
      "(3,)": 10
    }
  },
  "array_dtypes": {
    "sensor_pc": {
      "float32": 10
    },
    "voxel_labels": {
      "uint8": 10
    },
    "grid_world_min": {
      "float32": 10
    },
    "grid_world_max": {
      "float32": 10
    },
    "grid_voxel_size": {
      "float32": 10
    },
    "grid_occ_size": {
      "int32": 10
    }
  }
}